{"stats":{"minecraft:used":{"regions_unexplored:pine_planks":11,"mcwwindows:spruce_plank_pane_window":6,"minecraft:chest":8,"minecraft:shield":2,"cfm:stripped_spruce_chair":8,"valhelsia_structures:metal_framed_glass_pane":10,"minecraft:carrot":37,"minecraft:stripped_spruce_log":1,"minecraft:glass":1,"born_in_chaos_v1:corpse_maggot":2,"minecraft:lantern":1,"minecraft:furnace":3,"minecraft:potato":9,"simplyswords:soulpyre":7,"rechiseled:cobblestone_stripes":39,"epicfight:skillbook":5,"minecraft:diorite":1,"minecraft:stone_pickaxe":79,"minecraft:prismarine":2,"cfm:spruce_cabinet":4,"minecraft:wooden_pickaxe":13,"travelersbackpack:iron_golem":5,"minecraft:cookie":3,"minecraft:golden_apple":1,"minecraft:stripped_mangrove_wood":2,"minecraft:sand":1,"regions_unexplored:redwood_door":2,"regions_unexplored:redwood_log":4,"regions_unexplored:pine_boat":1,"minecraft:bread":67,"ecologics:coconut_slice":2,"minecraft:coal_block":2,"minecraft:spruce_planks":7,"simpletomb:grave_key":7,"minecraft:torch":36,"simplyswords:gold_claymore":32,"ecologics:seashell":1,"minecraft:dark_oak_planks":1,"minecraft:wooden_axe":61,"minecraft:iron_axe":271,"simplyswords:soulstealer":164,"ecologics:coconut_seedling":3,"minecraft:calcite":1,"minecraft:crafting_table":14,"minecraft:magenta_bed":2,"minecraft:white_bed":2,"minecraft:cake":1,"minecraft:spruce_log":17,"minecraft:dark_prismarine":4,"minecraft:apple":7,"minecraft:iron_pickaxe":285,"minecraft:cobblestone":12,"alexsmobs:animal_dictionary":5},"minecraft:crafted":{"valhelsia_structures:metal_framed_glass":16,"hpm:small_mast":1,"cfm:stripped_spruce_chair":4,"minecraft:glass":23,"minecraft:iron_boots":1,"minecraft:chest":7,"minecraft:crafting_table":3,"minecraft:spruce_planks":196,"minecraft:wooden_pickaxe":1,"minecraft:iron_helmet":1,"regions_unexplored:pine_boat":1,"rechiseled:chisel":2,"mcwwindows:window_base":8,"minecraft:stick":92,"regions_unexplored:redwood_door":27,"minecraft:iron_ingot":17,"minecraft:iron_pickaxe":2,"valhelsia_structures:metal_framed_glass_pane":16,"minecraft:furnace":2,"mcwwindows:spruce_plank_pane_window":8,"minecraft:iron_axe":3,"minecraft:stone_pickaxe":1,"minecraft:magenta_bed":2,"cfm:spruce_cabinet":2,"hpm:smallhull":1,"minecraft:air":0,"regions_unexplored:redwood_planks":64,"regions_unexplored:pine_planks":48,"minecraft:wooden_axe":1,"minecraft:iron_shovel":1,"minecraft:iron_leggings":1,"minecraft:torch":48},"minecraft:broken":{"minecraft:wooden_axe":1,"simplyswords:gold_claymore":1,"minecraft:iron_axe":1},"minecraft:killed_by":{"naturalist:rattlesnake":1,"minecraft:husk":5,"minecraft:player":4},"minecraft:mined":{"minecraft:dark_oak_planks":8,"minecraft:waxed_cut_copper_slab":4,"minecraft:spruce_planks":60,"regions_unexplored:golden_larch_leaves":87,"minecraft:white_bed":2,"regions_unexplored:magnolia_log":56,"minecraft:orange_wool":16,"regions_unexplored:larch_planks":2,"minecraft:spruce_trapdoor":6,"minecraft:grass_block":40,"minecraft:white_concrete":1,"minecraft:deepslate_bricks":33,"minecraft:coal_block":2,"regions_unexplored:purple_coneflower":1,"minecraft:spawner":1,"regions_unexplored:small_oak_leaves":16,"regions_unexplored:stone_bud":7,"minecraft:mossy_cobblestone_stairs":1,"minecraft:dark_oak_trapdoor":4,"minecraft:iron_ore":17,"regions_unexplored:mossy_stone":9,"regions_unexplored:redwood_planks":1,"minecraft:anvil":1,"minecraft:deepslate_brick_stairs":110,"regions_unexplored:larch_log":16,"minecraft:stripped_mangrove_wood":7,"diagonalwindows:valhelsia_structures/metal_framed_glass_pane":10,"minecraft:spruce_slab":6,"regions_unexplored:larch_branch":2,"minecraft:brown_mushroom":2,"regions_unexplored:willow_log":1,"minecraft:deepslate_brick_wall":6,"minecraft:soul_lantern":1,"minecraft:torch":1,"regions_unexplored:peat_grass_block":3,"minecraft:calcite":5,"minecraft:chest":2,"minecraft:white_stained_glass_pane":14,"minecraft:nether_brick_slab":2,"minecraft:cobblestone":2,"minecraft:prismarine":3,"regions_unexplored:pine_log":12,"minecraft:seagrass":2,"minecraft:stone_stairs":8,"valhelsia_structures:bone_pile":1,"minecraft:dark_oak_slab":3,"ecologics:seashell":1,"regions_unexplored:sandy_tall_grass":1,"minecraft:stone_brick_stairs":1,"minecraft:grass":12,"regions_unexplored:peat_dirt":4,"minecraft:sand":28,"minecraft:dirt":62,"minecraft:oak_leaves":1,"minecraft:magenta_wool":10,"minecraft:deepslate":1,"minecraft:light_blue_stained_glass_pane":12,"minecraft:deepslate_tiles":1,"minecraft:dark_prismarine":13,"regions_unexplored:willow_leaves":2,"minecraft:mossy_cobblestone":13,"minecraft:dark_oak_leaves":4,"minecraft:sea_lantern":1,"regions_unexplored:oak_branch":1,"minecraft:dark_oak_fence":1,"minecraft:allium":1,"minecraft:spruce_fence":15,"minecraft:redstone_wire":1,"ecologics:coconut_log":21,"minecraft:spruce_leaves":72,"regions_unexplored:pine_planks":8,"minecraft:sandstone":7,"minecraft:pink_wool":1,"minecraft:large_fern":2,"minecraft:deepslate_brick_slab":11,"minecraft:furnace":2,"cfm:stripped_spruce_chair":4,"minecraft:andesite":1,"minecraft:stripped_spruce_log":30,"regions_unexplored:larch_leaves":169,"minecraft:bookshelf":46,"minecraft:vine":2,"minecraft:lantern":12,"gnumus:fragile_gnumus_jug":2,"regions_unexplored:medium_grass":5,"regions_unexplored:small_oak_log":4,"minecraft:stone":130,"regions_unexplored:redwood_log":117,"minecraft:smithing_table":1,"minecraft:stone_brick_slab":8,"rechiseled:oak_planks_bricks":44,"minecraft:crafting_table":13,"rechiseled:cobblestone_stripes":16,"mcwwindows:spruce_plank_pane_window":1,"cfm:spruce_cabinet":2,"minecraft:cracked_deepslate_bricks":15,"minecraft:diorite":5,"minecraft:prismarine_bricks":9,"minecraft:spruce_stairs":64,"minecraft:sea_pickle":1,"minecraft:spruce_log":66,"regions_unexplored:sandy_grass":2,"minecraft:coal_ore":89,"minecraft:gravel":1,"minecraft:cyan_carpet":1,"minecraft:cracked_stone_bricks":1,"minecraft:stone_bricks":11,"minecraft:mossy_stone_bricks":2,"ecologics:coconut_seedling":3,"minecraft:fern":4,"regions_unexplored:larch_shrub":1},"minecraft:custom":{"minecraft:interact_with_crafting_table":65,"minecraft:open_barrel":98,"minecraft:eat_cake_slice":4,"minecraft:leave_game":3,"minecraft:time_since_death":128567,"minecraft:sprint_one_cm":1155596,"minecraft:damage_blocked_by_shield":96,"minecraft:drop":125,"minecraft:talked_to_villager":12,"minecraft:play_time":291146,"minecraft:deaths":10,"minecraft:jump":5405,"minecraft:walk_on_water_one_cm":62901,"minecraft:interact_with_furnace":16,"minecraft:sleep_in_bed":10,"minecraft:waystone_activated":2,"minecraft:damage_dealt":8255,"minecraft:crouch_one_cm":108441,"minecraft:inspect_dispenser":1,"minecraft:interact_with_smithing_table":2,"minecraft:mob_kills":23,"minecraft:interact_with_anvil":1,"minecraft:damage_dealt_resisted":746,"minecraft:climb_one_cm":8287,"minecraft:walk_one_cm":1445164,"minecraft:sneak_time":17217,"minecraft:walk_under_water_one_cm":104567,"minecraft:boat_one_cm":397247,"minecraft:interact_with_blast_furnace":6,"minecraft:total_world_time":291146,"minecraft:pot_flower":1,"minecraft:interact_with_stonecutter":1,"minecraft:time_since_rest":21113,"minecraft:damage_taken":5434,"minecraft:damage_absorbed":40,"minecraft:trigger_trapped_chest":1,"minecraft:swim_one_cm":57930,"minecraft:fly_one_cm":2369096,"minecraft:open_chest":74,"minecraft:fall_one_cm":133400},"minecraft:killed":{"minecraft:skeleton":1,"gnumus:pitcher_mousse":1,"ecologics:coconut_crab":1,"minecraft:pillager":1,"minecraft:zombie":3,"minecraft:cow":3,"born_in_chaos_v1:maggot":2,"minecraft:drowned":3,"minecraft:husk":7,"born_in_chaos_v1:decrepit_skeleton":1},"minecraft:dropped":{"minecraft:brown_mushroom":2,"minecraft:stripped_mangrove_wood":2,"ecologics:coconut_slice":2,"minecraft:lantern":7,"regions_unexplored:redwood_sapling":28,"paraglider:spirit_orb":1,"minecraft:dirt":18,"minecraft:seagrass":3,"regions_unexplored:purple_coneflower":4,"regions_unexplored:golden_larch_sapling":3,"minecraft:sand":1,"minecraft:dark_oak_planks":3,"valhelsia_structures:metal_framed_glass_pane":1,"minecraft:cyan_carpet":1,"minecraft:bone":1,"minecraft:gravel":1,"alexscaves:cave_tablet":2,"aether:golden_gloves":2,"minecraft:soul_lantern":1,"ecologics:coconut_log":7,"minecraft:deepslate_brick_slab":8,"minecraft:rotten_flesh":12,"regions_unexplored:larch_sapling":8,"regions_unexplored:peat_dirt":3,"artifacts:umbrella":1,"simplyswords:soulstealer":2,"travelersbackpack:iron_golem":1,"ecologics:coconut_husk":2,"minecraft:spruce_wood":9,"rechiseled:chisel":1,"minecraft:arrow":1,"minecraft:prismarine_bricks":2,"minecraft:iron_ingot":2,"minecraft:stripped_spruce_log":12,"minecraft:wheat_seeds":1,"ecologics:coconut_seedling":3,"regions_unexplored:pine_sapling":3,"minecraft:spruce_stairs":56,"minecraft:stick":24,"minecraft:deepslate_brick_stairs":70,"minecraft:diorite":1,"minecraft:iron_shovel":1,"minecraft:spruce_sapling":3,"minecraft:spruce_fence":7,"rechiseled:oak_planks_bricks":43,"minecraft:shield":1,"hpm:smallhull":1,"minecraft:spruce_planks":12,"minecraft:spruce_log":3,"simplyswords:diamond_scythe":1,"minecraft:stone_pickaxe":1,"minecraft:wooden_pickaxe":2,"minecraft:cracked_deepslate_bricks":6,"minecraft:calcite":1,"mcwwindows:spruce_plank_pane_window":3,"artifacts:snowshoes":2,"epicfight:skillbook":1},"minecraft:picked_up":{"minecraft:seagrass":3,"regions_unexplored:larch_planks":2,"minecraft:anvil":1,"regions_unexplored:magnolia_log":51,"minecraft:smithing_table":1,"artifacts:umbrella":2,"alexscaves:cave_tablet":1,"rechiseled:oak_planks_bricks":43,"simplyswords:diamond_scythe":1,"regions_unexplored:pine_log":12,"minecraft:spruce_planks":44,"minecraft:calcite":4,"cfm:stripped_spruce_chair":4,"minecraft:coal_block":2,"minecraft:furnace":1,"regions_unexplored:redwood_log":84,"minecraft:stick":64,"ecologics:coconut_seedling":6,"minecraft:torch":3,"minecraft:spruce_stairs":56,"epicfight:skillbook":6,"aether:golden_gloves":3,"minecraft:diorite":6,"rechiseled:cobblestone_stripes":16,"minecraft:rotten_flesh":13,"simplyswords:soulstealer":2,"regions_unexplored:blue_magnolia_sapling":11,"ecologics:coconut_log":22,"minecraft:deepslate_brick_stairs":71,"minecraft:cod":2,"minecraft:cobblestone":113,"regions_unexplored:golden_larch_sapling":3,"gnumus:gnumus_doubloons":3,"minecraft:magma_block":2,"travelersbackpack:iron_golem":1,"paraglider:spirit_orb":3,"minecraft:prismarine_bricks":2,"minecraft:lantern":8,"minecraft:dirt":21,"minecraft:leather_boots":1,"minecraft:bone":2,"minecraft:wheat_seeds":10,"valhelsia_structures:metal_framed_glass_pane":11,"minecraft:deepslate_brick_slab":8,"regions_unexplored:larch_shrub":1,"regions_unexplored:pine_boat":1,"minecraft:prismarine":2,"regions_unexplored:pine_sapling":3,"regions_unexplored:pine_planks":8,"minecraft:sand":25,"minecraft:stripped_spruce_log":26,"minecraft:mossy_cobblestone":12,"minecraft:orange_wool":16,"minecraft:dark_prismarine":10,"minecraft:soul_lantern":1,"minecraft:golden_apple":1,"minecraft:white_concrete":1,"minecraft:dark_oak_fence":1,"minecraft:crafting_table":13,"minecraft:allium":1,"minecraft:leather_leggings":1,"minecraft:brown_mushroom":2,"ecologics:seashell":1,"minecraft:wooden_pickaxe":2,"minecraft:pink_wool":1,"minecraft:shield":2,"minecraft:iron_shovel":1,"minecraft:magenta_wool":10,"minecraft:cyan_carpet":1,"minecraft:beef":8,"regions_unexplored:redwood_planks":2,"minecraft:chest":1,"minecraft:raw_iron":24,"minecraft:sandstone":10,"minecraft:stripped_mangrove_wood":7,"ecologics:coconut_slice":4,"minecraft:copper_ingot":1,"minecraft:spruce_fence":7,"cfm:spruce_cabinet":2,"minecraft:trident":1,"minecraft:prismarine_crystals":1,"minecraft:dark_oak_planks":8,"regions_unexplored:purple_coneflower":4,"minecraft:arrow":1,"minecraft:deepslate_bricks":23,"artifacts:snowshoes":1,"minecraft:cracked_deepslate_bricks":6,"born_in_chaos_v1:corpse_maggot":2,"regions_unexplored:peat_dirt":3,"minecraft:leather":2,"minecraft:filled_map":1,"minecraft:apple":1,"minecraft:stone_bricks":11,"minecraft:spruce_wood":9,"minecraft:iron_ingot":18,"regions_unexplored:redwood_sapling":28,"artifacts:kitty_slippers":1,"regions_unexplored:larch_sapling":12,"mcwwindows:spruce_plank_pane_window":1,"minecraft:book":138,"minecraft:gravel":2,"epicfight:uchigatana":1,"minecraft:spruce_sapling":4,"minecraft:white_bed":2,"minecraft:spruce_log":48,"minecraft:coal":153}},"DataVersion":3465}