{"stats":{"minecraft:mined":{"minecraft:dark_oak_planks":12,"minecraft:waxed_cut_copper_slab":9,"minecraft:light_blue_stained_glass_pane":1,"minecraft:spruce_planks":19,"minecraft:white_bed":1,"minecraft:mossy_cobblestone":2,"minecraft:cobbled_deepslate_stairs":2,"farmersdelight:wild_carrots":1,"minecraft:dark_oak_log":6,"minecraft:red_nether_bricks":21,"regions_unexplored:larch_planks":1,"minecraft:spruce_trapdoor":3,"minecraft:spruce_fence":9,"minecraft:brick_stairs":14,"minecraft:deepslate_bricks":4,"minecraft:coal_block":9,"minecraft:spruce_leaves":2,"valhelsia_structures:brown_sleeping_bag":1,"minecraft:hay_block":3,"minecraft:black_stained_glass_pane":3,"minecraft:raw_iron_block":8,"minecraft:magma_block":2,"minecraft:oak_trapdoor":12,"minecraft:mossy_cobblestone_stairs":1,"minecraft:dark_oak_trapdoor":9,"minecraft:fire":4,"minecraft:cobbled_deepslate":16,"minecraft:andesite":8,"minecraft:stripped_spruce_log":5,"regions_unexplored:larch_leaves":127,"minecraft:dark_oak_stairs":5,"minecraft:polished_deepslate":26,"minecraft:water_cauldron":1,"minecraft:oak_stairs":9,"minecraft:lantern":2,"minecraft:deepslate_brick_stairs":20,"minecraft:stripped_oak_log":21,"minecraft:smooth_quartz_stairs":14,"minecraft:spruce_wood":106,"regions_unexplored:larch_log":29,"minecraft:stripped_mangrove_wood":15,"minecraft:stone":75,"minecraft:spruce_slab":1,"minecraft:pink_terracotta":66,"valhelsia_structures:stone":3,"minecraft:oak_slab":130,"valhelsia_structures:explorers_tent":1,"minecraft:glass_pane":2,"minecraft:polished_deepslate_stairs":3,"minecraft:stripped_dark_oak_log":1,"minecraft:stone_brick_slab":1,"minecraft:oak_fence":18,"minecraft:crafting_table":1,"regions_unexplored:peat_grass_block":1,"minecraft:calcite":14,"minecraft:white_stained_glass_pane":1,"minecraft:nether_brick_slab":7,"minecraft:campfire":3,"minecraft:cobblestone":17,"minecraft:cracked_deepslate_bricks":1,"minecraft:bricks":3,"minecraft:wall_torch":2,"minecraft:spruce_stairs":28,"minecraft:stone_stairs":4,"minecraft:birch_trapdoor":6,"minecraft:spruce_log":8,"minecraft:tnt":1,"minecraft:stone_brick_stairs":2,"regions_unexplored:sandy_grass":3,"minecraft:grass":5,"minecraft:mangrove_slab":9,"minecraft:oak_log":57,"minecraft:coal_ore":10,"minecraft:oak_fence_gate":8,"minecraft:gravel":1,"minecraft:cracked_stone_bricks":4,"minecraft:raw_copper_block":1,"minecraft:dispenser":1,"minecraft:stone_bricks":7,"minecraft:polished_deepslate_wall":12,"minecraft:oak_leaves":2},"minecraft:picked_up":{"minecraft:charcoal":6,"minecraft:crafting_table":1,"minecraft:oak_stairs":4,"minecraft:shield":1,"minecraft:polished_deepslate_wall":6,"minecraft:oak_trapdoor":9,"minecraft:dark_oak_trapdoor":3,"minecraft:waxed_cut_copper_slab":4,"minecraft:cooked_salmon":1,"minecraft:red_nether_bricks":21,"simplyswords:diamond_scythe":1,"minecraft:cracked_stone_bricks":3,"minecraft:cobbled_deepslate":7,"minecraft:spruce_planks":11,"regions_unexplored:larch_log":22,"minecraft:calcite":14,"minecraft:coal_block":8,"minecraft:spruce_trapdoor":3,"minecraft:smooth_quartz_stairs":14,"minecraft:raw_copper_block":1,"minecraft:tipped_arrow":7,"minecraft:raw_iron":16,"minecraft:stick":13,"minecraft:stripped_mangrove_wood":14,"ecologics:coconut_slice":2,"minecraft:oak_fence":4,"minecraft:birch_trapdoor":4,"minecraft:polished_deepslate_stairs":1,"minecraft:torch":3,"minecraft:spruce_stairs":9,"minecraft:spruce_fence":11,"minecraft:porkchop":11,"minecraft:carrot":1,"minecraft:cauldron":1,"minecraft:pink_terracotta":66,"minecraft:dark_oak_planks":2,"simplyswords:soulstealer":1,"minecraft:deepslate_bricks":3,"minecraft:hay_block":3,"minecraft:cracked_deepslate_bricks":1,"minecraft:deepslate_brick_stairs":38,"minecraft:cod":1,"minecraft:cobblestone":16,"minecraft:stripped_oak_log":9,"minecraft:oak_log":32,"minecraft:mangrove_slab":5,"minecraft:lantern":3,"minecraft:red_carpet":2,"minecraft:apple":3,"minecraft:spruce_wood":86,"minecraft:oak_fence_gate":3,"minecraft:oak_slab":30,"minecraft:raw_iron_block":8,"minecraft:stripped_spruce_log":5,"minecraft:white_bed":1,"minecraft:spruce_log":1,"minecraft:dispenser":1,"regions_unexplored:larch_boat":1,"minecraft:bricks":3},"minecraft:used":{"farmersdelight:onion_crate":1,"simpletomb:grave_key":2,"minecraft:torch":2,"farmersdelight:flint_knife":2,"minecraft:carrot":4,"minecraft:pink_terracotta":11,"minecraft:spruce_fence":4,"minecraft:stripped_spruce_log":2,"minecraft:polished_deepslate_stairs":1,"minecraft:dark_oak_planks":12,"minecraft:bricks":3,"simplyswords:diamond_scythe":31,"minecraft:spruce_wood":63,"minecraft:iron_axe":25,"minecraft:polished_deepslate_wall":6,"minecraft:birch_trapdoor":4,"minecraft:raw_copper_block":1,"minecraft:waxed_cut_copper_slab":4,"regions_unexplored:larch_planks":13,"minecraft:furnace":2,"minecraft:mangrove_slab":1,"simplyswords:soulstealer":4,"minecraft:potato":3,"minecraft:calcite":14,"epicfight:skillbook":2,"minecraft:oak_planks":2,"regions_unexplored:larch_boat":1,"minecraft:deepslate_bricks":3,"minecraft:cracked_stone_bricks":3,"minecraft:smooth_quartz_stairs":14,"minecraft:stripped_mangrove_wood":5,"minecraft:dark_oak_trapdoor":3,"minecraft:crafting_table":3,"minecraft:cod":1,"minecraft:spruce_log":10,"minecraft:deepslate_brick_stairs":20,"minecraft:apple":20,"minecraft:bread":3,"minecraft:iron_pickaxe":32,"ecologics:coconut_slice":2,"minecraft:fishing_rod":5,"minecraft:coal_block":1,"minecraft:cooked_porkchop":1,"minecraft:pumpkin_pie":3,"alexsmobs:animal_dictionary":2,"minecraft:experience_bottle":2},"minecraft:killed_by":{"naturalist:rattlesnake":1},"minecraft:crafted":{"minecraft:oak_planks":36,"minecraft:raw_iron":64,"minecraft:coal":63,"minecraft:furnace":2,"regions_unexplored:larch_planks":88,"aether:golden_ring":1,"minecraft:iron_axe":1,"minecraft:dark_oak_planks":12,"regions_unexplored:larch_boat":1,"minecraft:cooked_porkchop":11,"minecraft:crafting_table":2,"minecraft:spruce_planks":16,"minecraft:baked_potato":13,"minecraft:iron_helmet":1,"minecraft:air":0,"minecraft:stick":8,"minecraft:iron_pickaxe":1,"minecraft:torch":16},"minecraft:killed":{"naturalist:butterfly":1,"minecraft:pillager":7,"minecraft:zombie":2},"minecraft:dropped":{"minecraft:porkchop":11,"minecraft:apple":3,"minecraft:stick":5,"minecraft:emerald":15,"minecraft:deepslate_brick_stairs":18,"minecraft:dispenser":1,"minecraft:torch":3,"minecraft:cooked_salmon":1,"minecraft:mangrove_slab":4,"alexsmobs:animal_dictionary":1,"minecraft:wheat":4,"minecraft:raw_iron":16,"minecraft:spruce_fence":7,"patchouli:guide_book":1,"minecraft:oak_fence_gate":3,"minecraft:shield":1,"simplyswords:soulstealer":1,"minecraft:spruce_trapdoor":3,"ecologics:coconut_husk":2,"minecraft:spruce_wood":75,"simplyswords:diamond_scythe":1},"minecraft:custom":{"minecraft:mob_kills":10,"minecraft:interact_with_crafting_table":13,"minecraft:open_barrel":21,"minecraft:leave_game":1,"minecraft:time_since_death":46174,"minecraft:climb_one_cm":8076,"minecraft:sprint_one_cm":288901,"minecraft:walk_one_cm":261924,"minecraft:drop":38,"minecraft:play_time":52941,"minecraft:deaths":1,"minecraft:sneak_time":1950,"minecraft:walk_under_water_one_cm":1067,"minecraft:jump":1105,"minecraft:interact_with_blast_furnace":2,"minecraft:walk_on_water_one_cm":1030,"minecraft:total_world_time":52941,"minecraft:interact_with_furnace":3,"minecraft:interact_with_stonecutter":1,"minecraft:sleep_in_bed":1,"minecraft:time_since_rest":11318,"minecraft:damage_taken":871,"minecraft:damage_dealt":2357,"minecraft:swim_one_cm":3460,"minecraft:fly_one_cm":497285,"minecraft:open_chest":31,"minecraft:crouch_one_cm":13033,"minecraft:interact_with_smoker":11,"minecraft:fish_caught":1,"minecraft:fall_one_cm":36656,"minecraft:inspect_dispenser":1}},"DataVersion":3465}