{"stats":{"minecraft:broken":{"minecraft:stone_axe":9,"minecraft:stone_shovel":1},"minecraft:crafted":{"minecraft:oak_planks":252,"minecraft:stone_shovel":3,"ecologics:coconut_planks":88,"hpm:swashbuckleritem":1,"regions_unexplored:larch_planks":320,"minecraft:mushroom_stew":19,"regions_unexplored:redwood_wood":6,"minecraft:oak_trapdoor":20,"minecraft:spruce_stairs":20,"regions_unexplored:larch_door":3,"minecraft:spruce_slab":126,"minecraft:stone_pickaxe":2,"minecraft:spruce_boat":3,"regions_unexplored:larch_stairs":64,"minecraft:oak_slab":60,"minecraft:crafting_table":7,"minecraft:spruce_planks":648,"minecraft:wooden_pickaxe":2,"minecraft:spruce_door":3,"minecraft:stone_axe":10,"minecraft:bread":17,"regions_unexplored:redwood_planks":40,"minecraft:shield":1,"minecraft:stick":40,"minecraft:iron_ingot":1,"minecraft:iron_shovel":1,"minecraft:oak_stairs":12,"minecraft:stone_sword":1,"minecraft:gold_ingot":1,"minecraft:torch":16,"farmersdelight:oak_cabinet":10},"minecraft:used":{"minecraft:beetroot":5,"minecraft:stone_sword":40,"rechiseled:oak_planks_bricks":131,"mcwwindows:spruce_plank_pane_window":20,"minecraft:spruce_slab":116,"minecraft:stone_shovel":258,"minecraft:spruce_planks":102,"cfm:stripped_spruce_chair":4,"simpletomb:grave_key":1,"minecraft:torch":30,"wom:golden_monocle":4,"minecraft:spruce_stairs":4,"minecraft:spruce_boat":3,"farmersdelight:oak_cabinet":10,"minecraft:oak_stairs":13,"rechiseled:oak_planks_diagonal_tiles":2,"minecraft:iron_helmet":3,"rechiseled:oak_planks_woven":2,"wom:golden_mokassin":1,"rechiseled:oak_planks_small_bricks":5,"regions_unexplored:larch_planks":13,"minecraft:calcite":6,"minecraft:mossy_stone_bricks":2,"epicfight:skillbook":12,"minecraft:spruce_door":3,"minecraft:stone_pickaxe":118,"minecraft:prismarine":1,"minecraft:oak_planks":4,"minecraft:wooden_pickaxe":15,"minecraft:sandstone":1,"travelersbackpack:iron_golem":1,"minecraft:sugar_cane":2,"minecraft:stripped_mangrove_wood":11,"regions_unexplored:redwood_planks":34,"minecraft:sand":2,"minecraft:crafting_table":8,"minecraft:mushroom_stew":19,"rechiseled:oak_planks_mosaic":98,"minecraft:white_bed":4,"minecraft:spruce_log":44,"rechiseled:spruce_planks_mosaic":191,"simplyswords:iron_greathammer":22,"minecraft:dark_prismarine":4,"minecraft:apple":1,"rechiseled:spruce_planks_tiles":6,"rechiseled:spruce_planks_bricks":442,"minecraft:bread":24,"minecraft:iron_pickaxe":79,"regions_unexplored:larch_stairs":73,"regions_unexplored:larch_log":54,"regions_unexplored:larch_door":3,"minecraft:stone_axe":1349,"ecologics:coconut_slice":2,"minecraft:cobblestone":3,"alexsmobs:animal_dictionary":4,"regions_unexplored:larch_sapling":8,"epicfight:uchigatana":4},"minecraft:killed":{"born_in_chaos_v1:skeleton_thrasher":1,"ecologics:coconut_crab":1,"minecraft:husk":1,"hpm:swashbuckler":1,"minecraft:zombie":2,"born_in_chaos_v1:dread_hound":1,"minecraft:player":4},"minecraft:custom":{"minecraft:mob_kills":8,"minecraft:interact_with_crafting_table":48,"minecraft:open_barrel":59,"minecraft:damage_dealt_resisted":646,"minecraft:leave_game":3,"minecraft:time_since_death":35807,"minecraft:climb_one_cm":128,"minecraft:sprint_one_cm":537097,"minecraft:walk_one_cm":1196013,"minecraft:drop":38,"minecraft:damage_dealt_absorbed":6,"minecraft:talked_to_villager":3,"minecraft:play_time":223113,"minecraft:deaths":1,"minecraft:sneak_time":21383,"minecraft:walk_under_water_one_cm":68619,"minecraft:boat_one_cm":100,"minecraft:jump":2066,"minecraft:interact_with_blast_furnace":1,"minecraft:walk_on_water_one_cm":55855,"minecraft:total_world_time":223113,"minecraft:sleep_in_bed":6,"minecraft:time_since_rest":13536,"minecraft:damage_taken":2039,"minecraft:trigger_trapped_chest":7,"minecraft:damage_dealt":3145,"minecraft:swim_one_cm":108276,"minecraft:fly_one_cm":685061,"minecraft:player_kills":4,"minecraft:open_chest":23,"minecraft:crouch_one_cm":155317,"minecraft:fall_one_cm":52635},"minecraft:mined":{"realmrpg_skeletons:swimmer_skeleton":1,"minecraft:dark_oak_planks":5,"minecraft:dark_prismarine":1,"minecraft:spruce_planks":15,"minecraft:white_bed":4,"rechiseled:oak_planks_mosaic":27,"rechiseled:spruce_planks_bricks":73,"regions_unexplored:magnolia_log":12,"minecraft:dark_oak_log":2,"minecraft:red_nether_bricks":10,"regions_unexplored:larch_planks":7,"minecraft:glow_lichen":1,"travelersbackpack:iron_golem":1,"minecraft:grass_block":6,"regions_unexplored:larch_stairs":15,"minecraft:coal_block":1,"rechiseled:oak_planks_diagonal_tiles":2,"ecologics:coconut_log":22,"minecraft:spruce_leaves":9,"minecraft:sandstone":8,"minecraft:red_mushroom":19,"minecraft:hay_block":1,"minecraft:spawner":1,"minecraft:large_fern":6,"rechiseled:oak_planks_woven":2,"minecraft:tall_seagrass":1,"minecraft:magma_block":5,"minecraft:iron_ore":1,"rechiseled:oak_planks_small_bricks":5,"cfm:stripped_spruce_chair":4,"minecraft:target":4,"regions_unexplored:redwood_planks":21,"regions_unexplored:larch_leaves":3,"rechiseled:spruce_planks_tiles":6,"minecraft:dark_oak_stairs":2,"minecraft:bookshelf":18,"minecraft:vine":1,"minecraft:dirt_path":2,"minecraft:oak_stairs":3,"regions_unexplored:medium_grass":1,"gnumus:fragile_gnumus_jug":3,"minecraft:spruce_wood":2,"minecraft:stone":46,"regions_unexplored:larch_log":451,"rechiseled:spruce_planks_mosaic":65,"minecraft:stripped_mangrove_wood":10,"regions_unexplored:redwood_log":34,"regions_unexplored:windswept_grass":2,"minecraft:spruce_slab":2,"farmersdelight:wild_potatoes":1,"minecraft:brown_mushroom":10,"regions_unexplored:willow_log":23,"rechiseled:oak_planks_bricks":86,"minecraft:crafting_table":1,"minecraft:torch":14,"minecraft:prismarine_slab":1,"minecraft:calcite":7,"minecraft:nether_brick_slab":3,"minecraft:tall_grass":1,"minecraft:cobblestone":4,"minecraft:copper_ore":3,"mcwwindows:spruce_plank_pane_window":17,"minecraft:prismarine":50,"minecraft:sugar_cane":2,"minecraft:diorite":2,"minecraft:wall_torch":7,"farmersdelight:sandy_shrub":2,"regions_unexplored:sandy_tall_grass":1,"minecraft:birch_log":9,"minecraft:spruce_log":272,"minecraft:tnt":2,"minecraft:grass":17,"minecraft:oak_log":63,"minecraft:coal_ore":33,"minecraft:gravel":3,"minecraft:sand":20,"minecraft:dirt":8,"minecraft:cracked_stone_bricks":1,"minecraft:prismarine_stairs":1,"minecraft:stone_bricks":15,"minecraft:mossy_stone_bricks":1,"minecraft:piston":2,"minecraft:oak_leaves":8,"minecraft:fern":9},"minecraft:dropped":{"minecraft:wheat_seeds":1,"minecraft:iron_helmet":1,"minecraft:prismarine_crystals":2,"minecraft:tropical_fish":1,"minecraft:leather_helmet":1,"minecraft:cod":21,"paraglider:spirit_orb":1,"minecraft:dirt":1,"wom:golden_monocle":1,"minecraft:moss_carpet":1,"minecraft:stone_axe":1,"artifacts:kitty_slippers":1,"epicfight:uchigatana":2,"aether:golden_gloves":1,"aether:leather_gloves":2,"minecraft:prismarine":5,"regions_unexplored:redwood_planks":1,"minecraft:filled_map":1,"minecraft:hay_block":1,"simplyswords:soulstealer":1,"artifacts:umbrella":1,"minecraft:stone_bricks":5,"minecraft:chest":1,"minecraft:golden_leggings":1,"minecraft:stone_pickaxe":2,"minecraft:wooden_pickaxe":2,"artifacts:snowshoes":1,"epicfight:skillbook":6},"minecraft:picked_up":{"minecraft:prismarine_stairs":1,"rechiseled:oak_planks_diagonal_tiles":2,"minecraft:seagrass":8,"minecraft:crafting_table":1,"regions_unexplored:larch_planks":7,"regions_unexplored:magnolia_log":12,"minecraft:brown_mushroom":20,"alexscaves:cave_tablet":1,"minecraft:oak_stairs":3,"rechiseled:oak_planks_bricks":130,"aether:leather_gloves":2,"minecraft:moss_carpet":1,"minecraft:raw_copper":11,"minecraft:red_nether_bricks":10,"rechiseled:spruce_planks_bricks":73,"minecraft:cyan_carpet":1,"minecraft:sea_pickle":1,"minecraft:cracked_stone_bricks":1,"minecraft:spruce_planks":22,"rechiseled:oak_planks_woven":2,"regions_unexplored:larch_log":198,"minecraft:calcite":9,"cfm:stripped_spruce_chair":4,"regions_unexplored:redwood_planks":21,"minecraft:spruce_slab":3,"minecraft:sugar_cane":2,"minecraft:coal_block":1,"minecraft:chest":1,"minecraft:piston":2,"regions_unexplored:redwood_log":27,"ecologics:crab_claw":1,"minecraft:sandstone":1,"wom:golden_monocle":1,"minecraft:stick":60,"minecraft:raw_iron":1,"minecraft:stripped_mangrove_wood":11,"ecologics:coconut_slice":2,"minecraft:torch":18,"minecraft:spruce_stairs":28,"epicfight:skillbook":1,"minecraft:target":4,"hpm:smallhull":1,"minecraft:diorite":3,"born_in_chaos_v1:pieceofdarkmetal":2,"minecraft:carrot":2,"minecraft:prismarine_crystals":1,"minecraft:dark_oak_planks":4,"minecraft:tnt":2,"minecraft:rotten_flesh":2,"simplyswords:soulstealer":1,"regions_unexplored:blue_magnolia_sapling":6,"minecraft:hay_block":1,"artifacts:snowshoes":2,"ecologics:coconut_log":22,"minecraft:cod":21,"minecraft:cobblestone":51,"minecraft:birch_log":9,"travelersbackpack:iron_golem":1,"minecraft:magma_block":2,"gnumus:gnumus_doubloons":3,"minecraft:prismarine_slab":1,"minecraft:repeater":2,"born_in_chaos_v1:monster_flesh":1,"minecraft:leather":2,"minecraft:red_mushroom":19,"minecraft:potato":1,"paraglider:spirit_orb":1,"rechiseled:spruce_planks_tiles":6,"minecraft:oak_log":63,"minecraft:prismarine_bricks":6,"minecraft:dirt":17,"born_in_chaos_v1:monster_skin":1,"rechiseled:oak_planks_mosaic":27,"minecraft:bone":7,"minecraft:apple":1,"minecraft:stone_bricks":11,"minecraft:wheat_seeds":3,"minecraft:stone_pickaxe":1,"minecraft:spruce_wood":2,"regions_unexplored:redwood_sapling":14,"rechiseled:spruce_planks_mosaic":65,"regions_unexplored:larch_sapling":15,"minecraft:mossy_stone_bricks":2,"rechiseled:chisel":1,"minecraft:prismarine":32,"mcwwindows:spruce_plank_pane_window":20,"minecraft:dark_oak_stairs":2,"minecraft:book":54,"regions_unexplored:larch_stairs":15,"regions_unexplored:willow_sapling":1,"minecraft:gravel":3,"minecraft:sand":23,"epicfight:uchigatana":1,"minecraft:stripped_spruce_log":12,"minecraft:spruce_sapling":42,"minecraft:white_bed":4,"minecraft:spruce_log":257,"minecraft:nether_brick_slab":3,"minecraft:dark_oak_log":2,"minecraft:spruce_door":2,"minecraft:dark_prismarine":4,"rechiseled:oak_planks_small_bricks":5,"minecraft:emerald":2,"regions_unexplored:willow_log":23,"minecraft:oak_sapling":11,"minecraft:coal":33}},"DataVersion":3465}